CHR,POS,TUMOR,REF,GENE,TYPE,SAMPLE,AF,sample_id,patient_id,sample_day,sample_type,detailed_sample_type,selector,progression
chr1,1104,A,AC,PPM1D,frameshift,SYNTHETIC_01_cfDNA_0,0.3,SYNTHETIC_01_cfDNA_0,SYNTHETIC_01,-1,cfDNA,cfDNA,synthetic_panel,0
chr1,1105,A,AG,ASXL1,frameshift,SYNTHETIC_01_cfDNA_0,0.8,SYNTHETIC_01_cfDNA_0,SYNTHETIC_01,-1,cfDNA,cfDNA,synthetic_panel,0
chr1,999,A,ACT,PPM1D,frameshift,SYNTHETIC_01_cfDNA_0,1.0,SYNTHETIC_01_cfDNA_0,SYNTHETIC_01,-1,cfDNA,cfDNA,synthetic_panel,0
chr1,1104,A,AC,PPM1D,frameshift,SYNTHETIC_01_cfDNA_1,0.6,SYNTHETIC_01_cfDNA_1,SYNTHETIC_01,28,cfDNA,cfDNA,synthetic_panel,0
chr1,1105,A,AG,ASXL1,frameshift,SYNTHETIC_01_cfDNA_1,0.6,SYNTHETIC_01_cfDNA_1,SYNTHETIC_01,28,cfDNA,cfDNA,synthetic_panel,0
chr1,999,A,ACT,PPM1D,frameshift,SYNTHETIC_01_cfDNA_1,1.0,SYNTHETIC_01_cfDNA_1,SYNTHETIC_01,28,cfDNA,cfDNA,synthetic_panel,0
chr1,1104,A,AC,PPM1D,frameshift,SYNTHETIC_01_cfDNA_2,1.5,SYNTHETIC_01_cfDNA_2,SYNTHETIC_01,56,cfDNA,cfDNA,synthetic_panel,0
chr1,1105,A,AG,ASXL1,frameshift,SYNTHETIC_01_cfDNA_2,0.4,SYNTHETIC_01_cfDNA_2,SYNTHETIC_01,56,cfDNA,cfDNA,synthetic_panel,0
chr1,999,A,ACT,PPM1D,frameshift,SYNTHETIC_01_cfDNA_2,1.0,SYNTHETIC_01_cfDNA_2,SYNTHETIC_01,56,cfDNA,cfDNA,synthetic_panel,0
chr1,1104,A,AC,PPM1D,frameshift,SYNTHETIC_01_PBMC_0,0.27,SYNTHETIC_01_PBMC_0,SYNTHETIC_01,-1,PBMC,PBMC,synthetic_panel,0
chr1,1105,A,AG,ASXL1,frameshift,SYNTHETIC_01_PBMC_0,0.72,SYNTHETIC_01_PBMC_0,SYNTHETIC_01,-1,PBMC,PBMC,synthetic_panel,0
chr1,999,A,ACT,PPM1D,frameshift,SYNTHETIC_01_PBMC_0,0.9,SYNTHETIC_01_PBMC_0,SYNTHETIC_01,-1,PBMC,PBMC,synthetic_panel,0
chr1,1104,A,AC,PPM1D,frameshift,SYNTHETIC_01_PBMC_1,0.63,SYNTHETIC_01_PBMC_1,SYNTHETIC_01,28,PBMC,PBMC,synthetic_panel,0
chr1,1105,A,AG,ASXL1,frameshift,SYNTHETIC_01_PBMC_1,0.63,SYNTHETIC_01_PBMC_1,SYNTHETIC_01,28,PBMC,PBMC,synthetic_panel,0
chr1,999,A,ACT,PPM1D,frameshift,SYNTHETIC_01_PBMC_1,1.05,SYNTHETIC_01_PBMC_1,SYNTHETIC_01,28,PBMC,PBMC,synthetic_panel,0
chr1,1104,A,AC,PPM1D,frameshift,SYNTHETIC_01_PBMC_2,1.425,SYNTHETIC_01_PBMC_2,SYNTHETIC_01,56,PBMC,PBMC,synthetic_panel,0
chr1,1105,A,AG,ASXL1,frameshift,SYNTHETIC_01_PBMC_2,0.38,SYNTHETIC_01_PBMC_2,SYNTHETIC_01,56,PBMC,PBMC,synthetic_panel,0
chr1,999,A,ACT,PPM1D,frameshift,SYNTHETIC_01_PBMC_2,0.95,SYNTHETIC_01_PBMC_2,SYNTHETIC_01,56,PBMC,PBMC,synthetic_panel,0
chr1,1204,A,AC,PPM1D,frameshift,SYNTHETIC_02_cfDNA_0,0.33,SYNTHETIC_02_cfDNA_0,SYNTHETIC_02,-1,cfDNA,cfDNA,synthetic_panel,0
chr1,1205,A,AG,ASXL1,frameshift,SYNTHETIC_02_cfDNA_0,0.88,SYNTHETIC_02_cfDNA_0,SYNTHETIC_02,-1,cfDNA,cfDNA,synthetic_panel,0
chr1,999,A,ACT,PPM1D,frameshift,SYNTHETIC_02_cfDNA_0,1.1,SYNTHETIC_02_cfDNA_0,SYNTHETIC_02,-1,cfDNA,cfDNA,synthetic_panel,0
chr1,1204,A,AC,PPM1D,frameshift,SYNTHETIC_02_cfDNA_1,0.66,SYNTHETIC_02_cfDNA_1,SYNTHETIC_02,28,cfDNA,cfDNA,synthetic_panel,0
chr1,1205,A,AG,ASXL1,frameshift,SYNTHETIC_02_cfDNA_1,0.66,SYNTHETIC_02_cfDNA_1,SYNTHETIC_02,28,cfDNA,cfDNA,synthetic_panel,0
chr1,999,A,ACT,PPM1D,frameshift,SYNTHETIC_02_cfDNA_1,1.1,SYNTHETIC_02_cfDNA_1,SYNTHETIC_02,28,cfDNA,cfDNA,synthetic_panel,0
chr1,1204,A,AC,PPM1D,frameshift,SYNTHETIC_02_cfDNA_2,1.65,SYNTHETIC_02_cfDNA_2,SYNTHETIC_02,56,cfDNA,cfDNA,synthetic_panel,0
chr1,1205,A,AG,ASXL1,frameshift,SYNTHETIC_02_cfDNA_2,0.44,SYNTHETIC_02_cfDNA_2,SYNTHETIC_02,56,cfDNA,cfDNA,synthetic_panel,0
chr1,999,A,ACT,PPM1D,frameshift,SYNTHETIC_02_cfDNA_2,1.1,SYNTHETIC_02_cfDNA_2,SYNTHETIC_02,56,cfDNA,cfDNA,synthetic_panel,0
chr1,1204,A,AC,PPM1D,frameshift,SYNTHETIC_02_PBMC_0,0.297,SYNTHETIC_02_PBMC_0,SYNTHETIC_02,-1,PBMC,PBMC,synthetic_panel,0
chr1,1205,A,AG,ASXL1,frameshift,SYNTHETIC_02_PBMC_0,0.792,SYNTHETIC_02_PBMC_0,SYNTHETIC_02,-1,PBMC,PBMC,synthetic_panel,0
chr1,999,A,ACT,PPM1D,frameshift,SYNTHETIC_02_PBMC_0,0.99,SYNTHETIC_02_PBMC_0,SYNTHETIC_02,-1,PBMC,PBMC,synthetic_panel,0
chr1,1204,A,AC,PPM1D,frameshift,SYNTHETIC_02_PBMC_1,0.693,SYNTHETIC_02_PBMC_1,SYNTHETIC_02,28,PBMC,PBMC,synthetic_panel,0
chr1,1205,A,AG,ASXL1,frameshift,SYNTHETIC_02_PBMC_1,0.693,SYNTHETIC_02_PBMC_1,SYNTHETIC_02,28,PBMC,PBMC,synthetic_panel,0
chr1,999,A,ACT,PPM1D,frameshift,SYNTHETIC_02_PBMC_1,1.155,SYNTHETIC_02_PBMC_1,SYNTHETIC_02,28,PBMC,PBMC,synthetic_panel,0
chr1,1204,A,AC,PPM1D,frameshift,SYNTHETIC_02_PBMC_2,1.5675,SYNTHETIC_02_PBMC_2,SYNTHETIC_02,56,PBMC,PBMC,synthetic_panel,0
chr1,1205,A,AG,ASXL1,frameshift,SYNTHETIC_02_PBMC_2,0.418,SYNTHETIC_02_PBMC_2,SYNTHETIC_02,56,PBMC,PBMC,synthetic_panel,0
chr1,999,A,ACT,PPM1D,frameshift,SYNTHETIC_02_PBMC_2,1.045,SYNTHETIC_02_PBMC_2,SYNTHETIC_02,56,PBMC,PBMC,synthetic_panel,0
chr1,1304,A,AC,PPM1D,frameshift,SYNTHETIC_03_cfDNA_0,0.36,SYNTHETIC_03_cfDNA_0,SYNTHETIC_03,-1,cfDNA,cfDNA,synthetic_panel,0
chr1,1305,A,AG,ASXL1,frameshift,SYNTHETIC_03_cfDNA_0,0.96,SYNTHETIC_03_cfDNA_0,SYNTHETIC_03,-1,cfDNA,cfDNA,synthetic_panel,0
chr1,999,A,ACT,PPM1D,frameshift,SYNTHETIC_03_cfDNA_0,1.2,SYNTHETIC_03_cfDNA_0,SYNTHETIC_03,-1,cfDNA,cfDNA,synthetic_panel,0
chr1,1304,A,AC,PPM1D,frameshift,SYNTHETIC_03_cfDNA_1,0.72,SYNTHETIC_03_cfDNA_1,SYNTHETIC_03,28,cfDNA,cfDNA,synthetic_panel,0
chr1,1305,A,AG,ASXL1,frameshift,SYNTHETIC_03_cfDNA_1,0.72,SYNTHETIC_03_cfDNA_1,SYNTHETIC_03,28,cfDNA,cfDNA,synthetic_panel,0
chr1,999,A,ACT,PPM1D,frameshift,SYNTHETIC_03_cfDNA_1,1.2,SYNTHETIC_03_cfDNA_1,SYNTHETIC_03,28,cfDNA,cfDNA,synthetic_panel,0
chr1,1304,A,AC,PPM1D,frameshift,SYNTHETIC_03_cfDNA_2,1.8,SYNTHETIC_03_cfDNA_2,SYNTHETIC_03,56,cfDNA,cfDNA,synthetic_panel,0
chr1,1305,A,AG,ASXL1,frameshift,SYNTHETIC_03_cfDNA_2,0.48,SYNTHETIC_03_cfDNA_2,SYNTHETIC_03,56,cfDNA,cfDNA,synthetic_panel,0
chr1,999,A,ACT,PPM1D,frameshift,SYNTHETIC_03_cfDNA_2,1.2,SYNTHETIC_03_cfDNA_2,SYNTHETIC_03,56,cfDNA,cfDNA,synthetic_panel,0
chr1,1304,A,AC,PPM1D,frameshift,SYNTHETIC_03_PBMC_0,0.324,SYNTHETIC_03_PBMC_0,SYNTHETIC_03,-1,PBMC,PBMC,synthetic_panel,0
chr1,1305,A,AG,ASXL1,frameshift,SYNTHETIC_03_PBMC_0,0.864,SYNTHETIC_03_PBMC_0,SYNTHETIC_03,-1,PBMC,PBMC,synthetic_panel,0
chr1,999,A,ACT,PPM1D,frameshift,SYNTHETIC_03_PBMC_0,1.08,SYNTHETIC_03_PBMC_0,SYNTHETIC_03,-1,PBMC,PBMC,synthetic_panel,0
chr1,1304,A,AC,PPM1D,frameshift,SYNTHETIC_03_PBMC_1,0.756,SYNTHETIC_03_PBMC_1,SYNTHETIC_03,28,PBMC,PBMC,synthetic_panel,0
chr1,1305,A,AG,ASXL1,frameshift,SYNTHETIC_03_PBMC_1,0.756,SYNTHETIC_03_PBMC_1,SYNTHETIC_03,28,PBMC,PBMC,synthetic_panel,0
chr1,999,A,ACT,PPM1D,frameshift,SYNTHETIC_03_PBMC_1,1.26,SYNTHETIC_03_PBMC_1,SYNTHETIC_03,28,PBMC,PBMC,synthetic_panel,0
chr1,1304,A,AC,PPM1D,frameshift,SYNTHETIC_03_PBMC_2,1.71,SYNTHETIC_03_PBMC_2,SYNTHETIC_03,56,PBMC,PBMC,synthetic_panel,0
chr1,1305,A,AG,ASXL1,frameshift,SYNTHETIC_03_PBMC_2,0.456,SYNTHETIC_03_PBMC_2,SYNTHETIC_03,56,PBMC,PBMC,synthetic_panel,0
chr1,999,A,ACT,PPM1D,frameshift,SYNTHETIC_03_PBMC_2,1.14,SYNTHETIC_03_PBMC_2,SYNTHETIC_03,56,PBMC,PBMC,synthetic_panel,0
