CHR,POS,TUMOR,REF,sample_id,Depth
chr1,1104,A,AC,SYNTHETIC_01_cfDNA_0,12
chr1,1105,A,AG,SYNTHETIC_01_cfDNA_0,12
chr1,999,A,ACT,SYNTHETIC_01_cfDNA_0,12
chr1,1104,A,AC,SYNTHETIC_01_cfDNA_1,12
chr1,1105,A,AG,SYNTHETIC_01_cfDNA_1,12
chr1,999,A,ACT,SYNTHETIC_01_cfDNA_1,12
chr1,1104,A,AC,SYNTHETIC_01_cfDNA_2,12
chr1,1105,A,AG,SYNTHETIC_01_cfDNA_2,12
chr1,999,A,ACT,SYNTHETIC_01_cfDNA_2,12
chr1,1104,A,AC,SYNTHETIC_01_PBMC_0,12
chr1,1105,A,AG,SYNTHETIC_01_PBMC_0,12
chr1,999,A,ACT,SYNTHETIC_01_PBMC_0,12
chr1,1104,A,AC,SYNTHETIC_01_PBMC_1,12
chr1,1105,A,AG,SYNTHETIC_01_PBMC_1,12
chr1,999,A,ACT,SYNTHETIC_01_PBMC_1,12
chr1,1104,A,AC,SYNTHETIC_01_PBMC_2,12
chr1,1105,A,AG,SYNTHETIC_01_PBMC_2,12
chr1,999,A,ACT,SYNTHETIC_01_PBMC_2,12
chr1,1204,A,AC,SYNTHETIC_02_cfDNA_0,12
chr1,1205,A,AG,SYNTHETIC_02_cfDNA_0,12
chr1,999,A,ACT,SYNTHETIC_02_cfDNA_0,12
chr1,1204,A,AC,SYNTHETIC_02_cfDNA_1,12
chr1,1205,A,AG,SYNTHETIC_02_cfDNA_1,12
chr1,999,A,ACT,SYNTHETIC_02_cfDNA_1,12
chr1,1204,A,AC,SYNTHETIC_02_cfDNA_2,12
chr1,1205,A,AG,SYNTHETIC_02_cfDNA_2,12
chr1,999,A,ACT,SYNTHETIC_02_cfDNA_2,12
chr1,1204,A,AC,SYNTHETIC_02_PBMC_0,12
chr1,1205,A,AG,SYNTHETIC_02_PBMC_0,12
chr1,999,A,ACT,SYNTHETIC_02_PBMC_0,12
chr1,1204,A,AC,SYNTHETIC_02_PBMC_1,12
chr1,1205,A,AG,SYNTHETIC_02_PBMC_1,12
chr1,999,A,ACT,SYNTHETIC_02_PBMC_1,12
chr1,1204,A,AC,SYNTHETIC_02_PBMC_2,12
chr1,1205,A,AG,SYNTHETIC_02_PBMC_2,12
chr1,999,A,ACT,SYNTHETIC_02_PBMC_2,12
chr1,1304,A,AC,SYNTHETIC_03_cfDNA_0,12
chr1,1305,A,AG,SYNTHETIC_03_cfDNA_0,12
chr1,999,A,ACT,SYNTHETIC_03_cfDNA_0,12
chr1,1304,A,AC,SYNTHETIC_03_cfDNA_1,12
chr1,1305,A,AG,SYNTHETIC_03_cfDNA_1,12
chr1,999,A,ACT,SYNTHETIC_03_cfDNA_1,12
chr1,1304,A,AC,SYNTHETIC_03_cfDNA_2,12
chr1,1305,A,AG,SYNTHETIC_03_cfDNA_2,12
chr1,999,A,ACT,SYNTHETIC_03_cfDNA_2,12
chr1,1304,A,AC,SYNTHETIC_03_PBMC_0,12
chr1,1305,A,AG,SYNTHETIC_03_PBMC_0,12
chr1,999,A,ACT,SYNTHETIC_03_PBMC_0,12
chr1,1304,A,AC,SYNTHETIC_03_PBMC_1,12
chr1,1305,A,AG,SYNTHETIC_03_PBMC_1,12
chr1,999,A,ACT,SYNTHETIC_03_PBMC_1,12
chr1,1304,A,AC,SYNTHETIC_03_PBMC_2,12
chr1,1305,A,AG,SYNTHETIC_03_PBMC_2,12
chr1,999,A,ACT,SYNTHETIC_03_PBMC_2,12
